Iter_no,x,y,Spec_ID,Adhaar_number,SpeedLength,VisionRadius,MaxEnergy,CurrentEnergy
1,3,87,1,4,4,3,300,300
1,8,39,1,7,6,3,300,300
1,27,91,1,18,7,3,300,300
1,29,5,1,10,7,3,300,300
1,29,6,1,12,7,3,300,300
1,33,76,1,1,6,3,300,300
1,39,77,1,17,6,3,300,300
1,42,76,1,16,7,3,300,300
1,44,87,1,19,6,3,300,300
1,47,61,1,8,6,3,300,300
1,50,24,1,9,4,3,300,300
1,66,27,1,5,4,3,300,300
1,69,15,1,14,7,3,300,300
1,70,98,1,0,4,3,300,300
1,73,52,1,11,4,3,300,300
1,78,55,1,15,4,3,300,300
1,80,7,1,13,4,3,300,300
1,89,40,1,3,6,3,300,300
1,91,99,1,6,7,3,300,300
1,92,65,1,2,4,3,300,300
2,3,89,1,4,4,3,300,296
2,7,40,1,7,6,3,300,294
2,25,88,1,18,7,3,300,293
2,27,7,1,12,7,3,300,293
2,28,5,1,10,7,3,300,295
2,34,76,1,1,6,3,300,299
2,39,76,1,17,6,3,300,297
2,42,79,1,16,7,3,300,293
2,42,85,1,19,6,3,300,294
2,45,59,1,8,6,3,300,294
2,48,24,1,9,4,3,300,296
2,68,17,1,14,7,3,300,293
2,68,25,1,5,4,3,300,296
2,69,98,1,0,4,3,300,299
2,75,52,1,11,4,3,300,296
2,78,56,1,15,4,3,300,297
2,80,6,1,13,4,3,300,299
2,89,36,1,3,6,3,300,294
2,91,99,1,6,7,3,300,300
2,93,65,1,2,4,3,300,299
3,2,89,1,4,4,3,300,293
3,8,40,1,7,6,3,300,293
3,26,90,1,18,7,3,300,286
3,28,6,1,10,7,3,300,292
3,29,8,1,12,7,3,300,286
3,31,77,1,1,6,3,300,293
3,40,75,1,17,6,3,300,291
3,42,78,1,16,7,3,300,292
3,43,59,1,8,6,3,300,288
3,43,85,1,19,6,3,300,293
3,49,24,1,9,4,3,300,295
3,67,17,1,14,7,3,300,288
3,69,26,1,5,4,3,300,292
3,70,99,1,0,4,3,300,295
3,75,53,1,11,4,3,300,295
3,78,58,1,15,4,3,300,293
3,79,6,1,13,4,3,300,296
3,90,37,1,3,6,3,300,288
3,91,67,1,2,4,3,300,295
3,91,99,1,6,7,3,300,300
4,2,85,1,4,4,3,300,289
4,8,38,1,7,6,3,300,287
4,27,6,1,10,7,3,300,289
4,29,7,1,20,5,3,132,132
4,29,75,1,1,6,3,300,287
4,29,88,1,18,7,3,300,279
4,30,7,1,21,5,3,154,154
4,40,79,1,16,7,3,300,285
4,41,59,1,8,6,3,300,282
4,42,77,1,17,6,3,300,285
4,44,85,1,19,6,3,300,292
4,49,23,1,9,4,3,300,294
4,65,16,1,14,7,3,300,281
4,68,25,1,5,4,3,300,288
4,69,96,1,0,4,3,300,291
4,76,53,1,11,4,3,300,292
4,77,6,1,13,4,3,300,292
4,81,59,1,15,4,3,300,289
4,91,40,1,3,6,3,300,282
4,91,69,1,2,4,3,300,291
4,91,99,1,6,7,3,300,300
5,3,85,1,4,4,3,300,288
5,8,39,1,7,6,3,300,286
5,26,6,1,10,7,3,300,288
5,26,90,1,18,7,3,300,272
5,29,6,1,20,5,3,132,131
5,30,8,1,21,5,3,154,149
5,30,72,1,1,6,3,300,281
5,38,80,1,16,7,3,300,278
5,40,75,1,17,6,3,300,279
5,43,85,1,19,6,3,300,289
5,44,58,1,8,6,3,300,276
5,48,23,1,9,4,3,300,293
5,66,14,1,14,7,3,300,274
5,69,28,1,5,4,3,300,284
5,71,96,1,0,4,3,300,287
5,75,8,1,13,4,3,300,288
5,76,54,1,11,4,3,300,291
5,79,57,1,15,4,3,300,285
5,88,99,1,6,7,3,300,297
5,91,39,1,3,6,3,300,281
5,91,71,1,2,4,3,300,287
6,2,85,1,4,4,3,300,287
6,12,39,1,7,6,3,300,280
6,27,3,1,20,5,3,132,126
6,27,90,1,18,7,3,300,269
6,28,74,1,1,6,3,300,275
6,29,7,1,10,7,3,300,282
6,30,7,1,21,5,3,154,146
6,38,79,1,16,7,3,300,275
6,40,79,1,17,6,3,300,273
6,42,84,1,19,6,3,300,283
6,44,57,1,8,6,3,300,271
6,46,23,1,9,4,3,300,289
6,67,14,1,14,7,3,300,271
6,69,98,1,0,4,3,300,283
6,71,28,1,5,4,3,300,280
6,75,4,1,13,4,3,300,284
6,77,54,1,11,4,3,300,290
6,79,58,1,15,4,3,300,282
6,90,42,1,3,6,3,300,275
6,92,72,1,2,4,3,300,283
6,92,98,1,6,7,3,300,290
7,2,84,1,4,4,3,300,284
7,12,38,1,7,6,3,300,279
7,26,3,1,20,5,3,132,121
7,28,7,1,10,7,3,300,275
7,28,90,1,18,7,3,300,268
7,31,73,1,1,6,3,300,269
7,34,8,1,21,5,3,154,141
7,39,78,1,17,6,3,300,267
7,39,79,1,16,7,3,300,274
7,43,84,1,19,6,3,300,280
7,44,55,1,8,6,3,300,265
7,48,21,1,9,4,3,300,285
7,67,15,1,14,7,3,300,270
7,68,97,1,0,4,3,300,279
7,70,28,1,5,4,3,300,279
7,76,1,1,13,4,3,300,280
7,77,58,1,11,4,3,300,286
7,79,60,1,15,4,3,300,278
7,90,41,1,3,6,3,300,272
7,92,71,1,22,4,3,154,154
7,93,71,1,23,4,3,129,129
7,93,99,1,6,7,3,300,288
8,4,86,1,4,4,3,300,280
8,13,37,1,7,6,3,300,273
8,26,0,1,20,5,3,132,116
8,26,91,1,18,7,3,300,261
8,28,10,1,10,7,3,300,268
8,31,74,1,1,6,3,300,268
8,35,8,1,21,5,3,154,136
8,36,77,1,16,7,3,300,267
8,39,77,1,17,6,3,300,266
8,41,85,1,25,5,3,143,143
8,42,55,1,8,6,3,300,259
8,42,85,1,24,5,3,132,132
8,48,20,1,9,4,3,300,284
8,68,15,1,14,7,3,300,269
8,69,28,1,5,4,3,300,276
8,71,98,1,0,4,3,300,275
8,75,2,1,13,4,3,300,276
8,79,60,1,11,4,3,300,282
8,82,61,1,15,4,3,300,274
8,90,40,1,3,6,3,300,271
8,90,73,1,22,4,3,154,150
8,94,99,1,6,7,3,300,287
8,96,72,1,23,4,3,129,125
9,4,88,1,4,4,3,300,276
9,13,38,1,7,6,3,300,272
9,27,12,1,10,7,3,300,261
9,27,91,1,18,7,3,300,260
9,29,2,1,20,5,3,132,111
9,30,74,1,1,6,3,300,263
9,34,6,1,21,5,3,154,131
9,35,77,1,16,7,3,300,266
9,39,52,1,8,6,3,300,253
9,39,75,1,17,6,3,300,260
9,41,84,1,25,5,3,143,138
9,41,87,1,24,5,3,132,127
9,45,21,1,9,4,3,300,280
9,68,28,1,5,4,3,300,273
9,71,19,1,14,7,3,300,262
9,71,97,1,0,4,3,300,274
9,76,1,1,13,4,3,300,272
9,81,61,1,11,4,3,300,279
9,82,63,1,15,4,3,300,270
9,92,40,1,3,6,3,300,265
9,93,72,1,22,4,3,154,146
9,94,99,1,6,7,3,300,287
9,99,73,1,23,4,3,129,121
10,3,88,1,4,4,3,300,273
10,15,38,1,7,6,3,300,266
10,26,91,1,18,7,3,300,257
10,27,13,1,10,7,3,300,254
10,29,0,1,20,5,3,132,109
10,33,71,1,1,6,3,300,257
10,33,78,1,16,7,3,300,259
10,35,4,1,21,5,3,154,126
10,37,75,1,17,6,3,300,254
10,39,54,1,8,6,3,300,247
10,40,91,1,24,5,3,132,122
10,41,85,1,25,5,3,143,137
10,45,20,1,9,4,3,300,277
10,69,28,1,5,4,3,300,272
10,70,17,1,14,7,3,300,255
10,72,97,1,27,4,3,147,147
10,73,97,1,26,4,3,124,124
10,77,1,1,13,4,3,300,269
10,81,63,1,11,4,3,300,275
10,82,61,1,15,4,3,300,266
10,91,40,1,3,6,3,300,264
10,92,72,1,22,4,3,154,145
10,94,99,1,6,7,3,300,287
10,99,72,1,23,4,3,129,120
11,4,87,1,4,4,3,300,269
11,19,40,1,7,6,3,300,260
11,24,90,1,18,7,3,300,250
11,26,13,1,10,7,3,300,253
11,28,0,1,20,5,3,132,108
11,32,78,1,16,7,3,300,252
11,35,1,1,21,5,3,154,121
11,35,75,1,1,6,3,300,251
11,36,74,1,29,5,3,124,124
11,36,75,1,28,5,3,130,130
11,37,52,1,8,6,3,300,241
11,40,90,1,24,5,3,132,117
11,41,86,1,25,5,3,143,136
11,44,20,1,9,4,3,300,276
11,67,30,1,5,4,3,300,268
11,70,16,1,14,7,3,300,252
11,72,97,1,27,4,3,147,147
11,73,97,1,26,4,3,124,124
11,77,3,1,13,4,3,300,265
11,81,62,1,11,4,3,300,272
11,83,60,1,15,4,3,300,262
11,90,74,1,22,4,3,154,141
11,93,40,1,3,6,3,300,258
11,95,99,1,6,7,3,300,286
11,99,71,1,23,4,3,129,119
12,3,87,1,4,4,3,300,268
12,18,41,1,7,6,3,300,254
12,25,15,1,10,7,3,300,246
12,25,90,1,18,7,3,300,249
12,29,0,1,20,5,3,132,107
12,33,80,1,16,7,3,300,245
12,34,74,1,1,6,3,300,245
12,36,1,1,21,5,3,154,120
12,36,74,1,28,5,3,130,125
12,37,54,1,8,6,3,300,235
12,38,73,1,29,5,3,124,119
12,39,90,1,24,5,3,132,116
12,42,86,1,25,5,3,143,135
12,44,21,1,9,4,3,300,275
12,68,30,1,5,4,3,300,267
12,70,17,1,14,7,3,300,249
12,71,97,1,31,4,3,68,68
12,72,97,1,30,4,3,80,80
12,72,98,1,26,4,3,124,122
12,76,4,1,13,4,3,300,261
12,82,62,1,11,4,3,300,271
12,84,61,1,15,4,3,300,258
12,90,73,1,22,4,3,154,140
12,95,99,1,6,7,3,300,286
12,97,42,1,3,6,3,300,252
12,99,70,1,23,4,3,129,118
13,3,86,1,4,4,3,300,267
13,17,41,1,7,6,3,300,253
13,23,14,1,10,7,3,300,239
13,23,87,1,18,7,3,300,242
13,31,0,1,20,5,3,132,105
13,32,82,1,16,7,3,300,238
13,34,73,1,1,6,3,300,242
13,34,74,1,28,5,3,130,123
13,38,2,1,21,5,3,154,115
13,38,54,1,8,6,3,300,234
13,39,73,1,29,5,3,124,118
13,39,89,1,24,5,3,132,111
13,43,86,1,25,5,3,143,132
13,47,22,1,9,4,3,300,271
13,69,19,1,34,5,3,129,129
13,69,20,1,35,5,3,114,114
13,70,29,1,33,4,3,144,144
13,70,30,1,32,4,3,120,120
13,70,99,1,30,4,3,80,76
13,72,94,1,31,4,3,68,64
13,74,99,1,26,4,3,124,119
13,77,5,1,13,4,3,300,257
13,79,61,1,11,4,3,300,267
13,85,62,1,15,4,3,300,254
13,89,74,1,22,4,3,154,136
13,95,40,1,3,6,3,300,246
13,95,99,1,6,7,3,300,286
13,99,69,1,23,4,3,129,117
14,1,86,1,4,4,3,300,263
14,14,40,1,7,6,3,300,247
14,22,87,1,18,7,3,300,241
14,24,14,1,10,7,3,300,236
14,31,82,1,16,7,3,300,235
14,32,0,1,20,5,3,132,104
14,33,72,1,28,5,3,130,118
14,35,73,1,1,6,3,300,241
14,37,92,1,24,5,3,132,106
14,38,53,1,8,6,3,300,233
14,39,76,1,29,5,3,124,113
14,40,1,1,21,5,3,154,110
14,46,22,1,9,4,3,300,270
14,46,86,1,25,5,3,143,127
14,69,19,1,34,5,3,129,129
14,69,21,1,35,5,3,114,113
14,69,30,1,32,4,3,120,119
14,71,99,1,30,4,3,80,75
14,72,99,1,26,4,3,124,115
14,73,28,1,33,4,3,144,140
14,74,94,1,31,4,3,68,60
14,78,5,1,13,4,3,300,256
14,78,60,1,11,4,3,300,263
14,84,63,1,15,4,3,300,250
14,91,72,1,22,4,3,154,132
14,95,98,1,6,7,3,300,285
14,97,40,1,3,6,3,300,240
14,99,71,1,23,4,3,129,113
15,1,85,1,4,4,3,300,262
15,14,39,1,7,6,3,300,246
15,23,14,1,10,7,3,300,229
15,23,87,1,18,7,3,300,234
15,31,0,1,20,5,3,132,103
15,31,81,1,16,7,3,300,228
15,34,74,1,28,5,3,130,115
15,35,74,1,1,6,3,300,240
15,36,92,1,24,5,3,132,105
15,38,52,1,8,6,3,300,228
15,40,76,1,29,5,3,124,108
15,42,2,1,21,5,3,154,105
15,46,87,1,25,5,3,143,126
15,48,22,1,36,4,3,128,128
15,48,23,1,37,4,3,139,139
15,68,20,1,34,5,3,129,125
15,69,20,1,35,5,3,114,108
15,69,31,1,32,4,3,120,118
15,70,99,1,30,4,3,80,74
15,72,94,1,31,4,3,68,56
15,72,99,1,26,4,3,124,115
15,73,30,1,33,4,3,144,136
15,78,4,1,13,4,3,300,255
15,78,61,1,11,4,3,300,260
15,83,60,1,15,4,3,300,246
15,92,73,1,22,4,3,154,128
15,95,99,1,6,7,3,300,284
15,96,41,1,3,6,3,300,234
15,99,69,1,23,4,3,129,109
16,0,86,1,4,4,3,300,258
16,15,39,1,7,6,3,300,243
16,23,13,1,10,7,3,300,226
16,23,86,1,38,5,3,115,115
16,23,87,1,39,5,3,117,117
16,27,82,1,16,7,3,300,221
16,31,0,1,20,5,3,132,103
16,34,93,1,24,5,3,132,100
16,35,75,1,1,6,3,300,239
16,36,73,1,28,5,3,130,110
16,37,57,1,8,6,3,300,222
16,41,74,1,29,5,3,124,103
16,42,3,1,21,5,3,154,104
16,45,87,1,25,5,3,143,123
16,49,22,1,36,4,3,128,127
16,50,23,1,37,4,3,139,135
16,65,21,1,35,5,3,114,103
16,68,20,1,34,5,3,129,125
16,70,99,1,30,4,3,80,74
16,72,29,1,33,4,3,144,132
16,72,32,1,32,4,3,120,114
16,72,99,1,26,4,3,124,115
16,73,97,1,31,4,3,68,52
16,78,2,1,13,4,3,300,251
16,80,59,1,11,4,3,300,256
16,84,59,1,15,4,3,300,242
16,93,72,1,22,4,3,154,124
16,95,41,1,3,6,3,300,233
16,95,99,1,6,7,3,300,284
16,97,69,1,23,4,3,129,105
17,2,84,1,4,4,3,300,254
17,15,38,1,7,6,3,300,238
17,23,14,1,10,7,3,300,225
17,23,86,1,39,5,3,117,112
17,26,88,1,38,5,3,115,110
17,28,80,1,16,7,3,300,214
17,31,0,1,20,5,3,132,103
17,33,75,1,28,5,3,130,105
17,35,95,1,24,5,3,132,95
17,36,54,1,8,6,3,300,216
17,37,79,1,1,6,3,300,233
17,39,77,1,29,5,3,124,98
17,44,2,1,21,5,3,154,99
17,47,86,1,25,5,3,143,118
17,49,21,1,36,4,3,128,126
17,51,23,1,37,4,3,139,132
17,63,20,1,35,5,3,114,98
17,69,20,1,34,5,3,129,124
17,69,99,1,30,4,3,80,73
17,71,33,1,32,4,3,120,110
17,71,99,1,26,4,3,124,114
17,73,29,1,33,4,3,144,131
17,74,98,1,31,4,3,68,48
17,79,1,1,13,4,3,300,247
17,79,59,1,11,4,3,300,255
17,84,60,1,15,4,3,300,241
17,92,72,1,22,4,3,154,121
17,95,40,1,3,6,3,300,230
17,96,69,1,23,4,3,129,102
17,96,99,1,6,7,3,300,283
18,2,83,1,4,4,3,300,251
18,15,40,1,7,6,3,300,232
18,21,15,1,42,5,3,105,105
18,21,16,1,43,5,3,114,114
18,24,86,1,39,5,3,117,107
18,26,89,1,38,5,3,115,109
18,27,80,1,16,7,3,300,213
18,29,0,1,20,5,3,132,99
18,32,77,1,28,5,3,130,100
18,35,94,1,24,5,3,132,92
18,36,56,1,8,6,3,300,210
18,37,81,1,40,5,3,115,115
18,38,81,1,41,5,3,113,113
18,39,80,1,29,5,3,124,93
18,46,20,1,36,4,3,128,122
18,48,1,1,21,5,3,154,94
18,49,87,1,25,5,3,143,113
18,51,22,1,37,4,3,139,131
18,65,17,1,35,5,3,114,93
18,68,99,1,30,4,3,80,72
18,70,20,1,34,5,3,129,119
18,71,99,1,26,4,3,124,114
18,73,28,1,33,4,3,144,130
18,73,98,1,31,4,3,68,47
18,74,34,1,32,4,3,120,106
18,81,61,1,11,4,3,300,251
18,82,0,1,13,4,3,300,243
18,84,61,1,15,4,3,300,240
18,93,72,1,22,4,3,154,118
18,95,39,1,3,6,3,300,229
18,96,98,1,6,7,3,300,278
18,98,69,1,23,4,3,129,98
19,2,85,1,44,4,3,122,122
19,3,85,1,45,4,3,126,126
19,15,41,1,7,6,3,300,231
19,20,18,1,43,5,3,114,109
19,22,16,1,42,5,3,105,103
19,25,82,1,39,5,3,117,102
19,28,82,1,16,7,3,300,206
19,29,0,1,20,5,3,132,99
19,29,75,1,28,5,3,130,95
19,29,89,1,38,5,3,115,104
19,34,92,1,24,5,3,132,87
19,35,57,1,8,6,3,300,204
19,36,81,1,40,5,3,115,110
19,38,82,1,41,5,3,113,112
19,42,82,1,29,5,3,124,88
19,46,0,1,21,5,3,154,91
19,46,19,1,36,4,3,128,119
19,49,22,1,37,4,3,139,127
19,50,87,1,25,5,3,143,112
19,64,17,1,35,5,3,114,92
19,68,21,1,34,5,3,129,114
19,70,99,1,26,4,3,124,113
19,71,98,1,30,4,3,80,68
19,72,98,1,31,4,3,68,46
19,73,27,1,33,4,3,144,129
19,74,33,1,32,4,3,120,105
19,80,0,1,13,4,3,300,239
19,81,60,1,11,4,3,300,250
19,86,63,1,15,4,3,300,236
19,93,71,1,22,4,3,154,117
19,95,37,1,3,6,3,300,223
19,96,97,1,46,5,3,131,131
19,96,98,1,47,5,3,147,147
19,99,69,1,23,4,3,129,97
20,1,88,1,44,4,3,122,118
20,3,83,1,45,4,3,126,122
20,16,40,1,7,6,3,300,225
20,19,18,1,43,5,3,114,108
20,23,16,1,42,5,3,105,100
20,26,82,1,39,5,3,117,99
20,27,82,1,48,5,3,104,104
20,28,4,1,20,5,3,132,94
20,28,82,1,49,5,3,102,102
20,28,89,1,38,5,3,115,103
20,31,76,1,28,5,3,130,90
20,33,61,1,8,6,3,300,198
20,35,92,1,24,5,3,132,84
20,36,78,1,40,5,3,115,105
20,38,83,1,41,5,3,113,111
20,42,83,1,29,5,3,124,87
20,46,20,1,36,4,3,128,118
20,47,2,1,21,5,3,154,86
20,48,23,1,37,4,3,139,123
20,50,88,1,25,5,3,143,107
20,62,14,1,35,5,3,114,87
20,68,22,1,34,5,3,129,113
20,69,96,1,26,4,3,124,109
20,70,97,1,30,4,3,80,64
20,73,99,1,31,4,3,68,44
20,74,24,1,33,4,3,144,125
20,74,32,1,32,4,3,120,104
20,81,0,1,13,4,3,300,238
20,83,60,1,11,4,3,300,246
20,86,67,1,15,4,3,300,232
20,91,69,1,22,4,3,154,113
20,95,36,1,3,6,3,300,222
20,95,96,1,47,5,3,147,142
20,98,98,1,46,5,3,131,126
20,99,69,1,23,4,3,129,97
21,1,90,1,44,4,3,122,114
21,4,82,1,45,4,3,126,118
21,14,40,1,7,6,3,300,219
21,18,16,1,43,5,3,114,103
21,20,15,1,51,5,3,51,51
21,20,16,1,50,5,3,45,45
21,26,82,1,39,5,3,117,99
21,27,82,1,48,5,3,104,104
21,29,6,1,20,5,3,132,89
21,29,82,1,49,5,3,102,97
21,29,89,1,38,5,3,115,100
21,31,63,1,8,6,3,300,192
21,32,76,1,28,5,3,130,89
21,36,82,1,41,5,3,113,106
21,36,92,1,24,5,3,132,83
21,37,76,1,40,5,3,115,100
21,40,82,1,29,5,3,124,82
21,46,2,1,21,5,3,154,81
21,48,21,1,37,4,3,139,119
21,48,22,1,36,4,3,128,114
21,51,86,1,25,5,3,143,102
21,61,12,1,35,5,3,114,82
21,65,20,1,34,5,3,129,108
21,68,96,1,26,4,3,124,108
21,71,98,1,30,4,3,80,60
21,73,99,1,31,4,3,68,44
21,74,22,1,33,4,3,144,121
21,74,31,1,32,4,3,120,101
21,84,1,1,13,4,3,300,234
21,84,60,1,11,4,3,300,245
21,86,68,1,15,4,3,300,229
21,92,68,1,22,4,3,154,109
21,94,36,1,3,6,3,300,221
21,95,95,1,47,5,3,147,139
21,99,68,1,23,4,3,129,94
21,99,98,1,46,5,3,131,121
22,2,90,1,44,4,3,122,113
22,3,81,1,45,4,3,126,114
22,13,43,1,7,6,3,300,213
22,17,16,1,43,5,3,114,98
22,20,15,1,51,5,3,51,51
22,20,17,1,50,5,3,45,40
22,26,83,1,39,5,3,117,94
22,27,82,1,48,5,3,104,104
22,28,6,1,20,5,3,132,84
22,29,90,1,38,5,3,115,95
22,31,83,1,49,5,3,102,92
22,32,62,1,8,6,3,300,186
22,33,74,1,28,5,3,130,84
22,34,78,1,40,5,3,115,95
22,37,84,1,29,5,3,124,77
22,37,92,1,24,5,3,132,82
22,38,81,1,41,5,3,113,101
22,47,4,1,21,5,3,154,76
22,47,21,1,36,4,3,128,110
22,48,21,1,37,4,3,139,119
22,49,89,1,52,5,3,48,48
22,50,89,1,53,5,3,50,50
22,60,10,1,35,5,3,114,77
22,66,18,1,34,5,3,129,103
22,69,97,1,26,4,3,124,104
22,72,99,1,30,4,3,80,58
22,73,99,1,31,4,3,68,44
22,74,29,1,32,4,3,120,97
22,75,23,1,33,4,3,144,117
22,83,1,1,13,4,3,300,233
22,83,61,1,11,4,3,300,241
22,86,66,1,15,4,3,300,225
22,90,34,1,3,6,3,300,215
22,93,68,1,22,4,3,154,108
22,95,98,1,47,5,3,147,134
22,97,97,1,46,5,3,131,116
22,99,67,1,23,4,3,129,93
23,2,91,1,44,4,3,122,112
23,4,81,1,45,4,3,126,113
23,12,44,1,7,6,3,300,207
23,17,19,1,43,5,3,114,93
23,20,12,1,51,5,3,51,46
23,20,18,1,50,5,3,45,35
23,25,81,1,39,5,3,117,89
23,29,6,1,20,5,3,132,79
23,29,91,1,54,5,3,46,46
23,30,80,1,48,5,3,104,99
23,30,91,1,55,5,3,47,47
23,31,61,1,8,6,3,300,180
23,31,80,1,49,5,3,102,89
23,34,74,1,28,5,3,130,81
23,34,77,1,40,5,3,115,90
23,37,83,1,29,5,3,124,72
23,37,93,1,24,5,3,132,81
23,40,80,1,41,5,3,113,96
23,45,20,1,37,4,3,139,115
23,47,7,1,21,5,3,154,71
23,47,21,1,36,4,3,128,110
23,50,89,1,52,5,3,48,43
23,51,89,1,53,5,3,50,45
23,60,9,1,35,5,3,114,74
23,66,17,1,34,5,3,129,98
23,70,94,1,26,4,3,124,100
23,71,99,1,30,4,3,80,57
23,73,99,1,31,4,3,68,44
23,74,30,1,32,4,3,120,96
23,77,25,1,33,4,3,144,113
23,82,60,1,11,4,3,300,237
23,83,2,1,13,4,3,300,232
23,84,68,1,15,4,3,300,221
23,90,32,1,3,6,3,300,209
23,95,66,1,56,4,3,52,52
23,95,67,1,57,4,3,53,53
23,95,97,1,47,5,3,147,133
23,98,95,1,46,5,3,131,111
23,99,67,1,23,4,3,129,93
24,3,90,1,44,4,3,122,108
24,5,82,1,45,4,3,126,109
24,11,47,1,60,5,3,103,103
24,12,47,1,61,5,3,99,99
24,15,18,1,43,5,3,114,88
24,20,21,1,50,5,3,45,30
24,21,14,1,51,5,3,51,41
24,27,92,1,54,5,3,46,41
24,28,83,1,39,5,3,117,84
24,30,6,1,20,5,3,132,78
24,30,60,1,8,6,3,300,174
24,30,81,1,48,5,3,104,98
24,30,92,1,55,5,3,47,46
24,33,77,1,40,5,3,115,85
24,34,72,1,59,5,3,43,43
24,34,73,1,58,5,3,34,34
24,34,80,1,49,5,3,102,84
24,36,83,1,29,5,3,124,67
24,38,91,1,24,5,3,132,76
24,41,80,1,41,5,3,113,91
24,45,21,1,37,4,3,139,112
24,46,5,1,21,5,3,154,66
24,46,89,1,53,5,3,50,40
24,48,18,1,36,4,3,128,106
24,50,90,1,52,5,3,48,42
24,62,8,1,35,5,3,114,69
24,67,19,1,34,5,3,129,93
24,69,97,1,30,4,3,80,53
24,71,93,1,26,4,3,124,96
24,72,99,1,31,4,3,68,43
24,74,28,1,32,4,3,120,92
24,78,24,1,33,4,3,144,109
24,80,1,1,13,4,3,300,228
24,83,60,1,11,4,3,300,236
24,84,70,1,15,4,3,300,217
24,91,29,1,3,6,3,300,203
24,94,65,1,56,4,3,52,48
24,95,99,1,47,5,3,147,129
24,96,66,1,57,4,3,53,49
24,97,95,1,46,5,3,131,110
24,98,70,1,23,4,3,129,89
25,3,88,1,44,4,3,122,104
25,5,81,1,45,4,3,126,108
25,9,46,1,60,5,3,103,98
25,12,18,1,43,5,3,114,83
25,12,46,1,61,5,3,99,94
25,20,22,1,50,5,3,45,25
25,22,14,1,51,5,3,51,38
25,25,93,1,54,5,3,46,36
25,28,82,1,39,5,3,117,83
25,30,61,1,8,6,3,300,173
25,31,4,1,20,5,3,132,73
25,31,81,1,48,5,3,104,93
25,32,77,1,40,5,3,115,84
25,33,92,1,55,5,3,47,41
25,34,73,1,58,5,3,34,34
25,34,79,1,49,5,3,102,83
25,35,72,1,59,5,3,43,42
25,37,81,1,29,5,3,124,62
25,40,92,1,24,5,3,132,71
25,41,22,1,63,4,3,51,51
25,42,6,1,21,5,3,154,61
25,42,22,1,62,4,3,58,58
25,44,80,1,41,5,3,113,86
25,46,90,1,53,5,3,50,35
25,49,90,1,52,5,3,48,37
25,50,20,1,36,4,3,128,102
25,60,7,1,35,5,3,114,64
25,66,19,1,34,5,3,129,88
25,69,95,1,30,4,3,80,49
25,72,98,1,31,4,3,68,42
25,74,94,1,26,4,3,124,92
25,77,25,1,33,4,3,144,105
25,77,27,1,32,4,3,120,88
25,82,0,1,13,4,3,300,225
25,83,59,1,11,4,3,300,235
25,84,72,1,15,4,3,300,213
25,94,28,1,3,6,3,300,197
25,94,64,1,56,4,3,52,47
25,94,95,1,46,5,3,131,105
25,96,97,1,47,5,3,147,124
25,97,65,1,57,4,3,53,45
25,97,71,1,23,4,3,129,85
26,4,87,1,44,4,3,122,100
26,6,82,1,45,4,3,126,104
26,10,42,1,60,5,3,103,93
26,12,17,1,43,5,3,114,82
26,13,46,1,61,5,3,99,89
26,19,22,1,50,5,3,45,20
26,22,13,1,51,5,3,51,33
26,26,93,1,54,5,3,46,35
26,28,65,1,8,6,3,300,167
26,29,82,1,39,5,3,117,82
26,31,3,1,20,5,3,132,72
26,32,94,1,55,5,3,47,36
26,33,77,1,40,5,3,115,79
26,33,79,1,49,5,3,102,82
26,33,82,1,48,5,3,104,88
26,34,72,1,59,5,3,43,41
26,35,73,1,58,5,3,34,33
26,37,82,1,29,5,3,124,57
26,39,92,1,24,5,3,132,70
26,41,20,1,63,4,3,51,47
26,42,5,1,21,5,3,154,60
26,42,22,1,62,4,3,58,58
26,45,80,1,41,5,3,113,83
26,46,91,1,53,5,3,50,34
26,49,91,1,52,5,3,48,32
26,50,21,1,36,4,3,128,101
26,63,5,1,35,5,3,114,59
26,67,19,1,34,5,3,129,87
26,67,93,1,30,4,3,80,45
26,71,98,1,31,4,3,68,41
26,74,96,1,26,4,3,124,88
26,76,25,1,33,4,3,144,104
26,77,28,1,32,4,3,120,87
26,80,0,1,13,4,3,300,221
26,83,58,1,11,4,3,300,234
26,83,73,1,15,4,3,300,209
26,94,27,1,65,5,3,102,102
26,94,63,1,67,4,3,22,22
26,94,94,1,46,5,3,131,104
26,95,27,1,64,5,3,90,90
26,95,63,1,66,4,3,22,22
26,96,96,1,47,5,3,147,123
26,98,65,1,57,4,3,53,44
26,99,70,1,23,4,3,129,82
27,5,82,1,45,4,3,126,103
27,6,87,1,44,4,3,122,96
27,8,41,1,60,5,3,103,88
27,12,46,1,61,5,3,99,84
27,13,17,1,43,5,3,114,77
27,19,21,1,50,5,3,45,15
27,23,13,1,51,5,3,51,28
27,25,66,1,8,6,3,300,161
27,26,92,1,54,5,3,46,34
27,29,4,1,20,5,3,132,67
27,30,82,1,39,5,3,117,81
27,31,92,1,55,5,3,47,31
27,32,81,1,49,5,3,102,77
27,33,74,1,58,5,3,34,28
27,33,83,1,48,5,3,104,87
27,34,77,1,40,5,3,115,74
27,35,72,1,59,5,3,43,40
27,36,82,1,29,5,3,124,52
27,41,5,1,21,5,3,154,55
27,41,93,1,24,5,3,132,65
27,42,24,1,62,4,3,58,54
27,43,20,1,63,4,3,51,43
27,47,89,1,53,5,3,50,29
27,48,80,1,41,5,3,113,78
27,50,23,1,36,4,3,128,97
27,50,91,1,52,5,3,48,27
27,63,6,1,35,5,3,114,58
27,65,16,1,34,5,3,129,82
27,66,96,1,30,4,3,80,41
27,70,99,1,31,4,3,68,39
27,74,98,1,26,4,3,124,84
27,75,24,1,33,4,3,144,100
27,77,30,1,32,4,3,120,83
27,80,74,1,15,4,3,300,205
27,81,0,1,13,4,3,300,220
27,81,60,1,11,4,3,300,230
27,94,28,1,65,5,3,102,99
27,94,95,1,46,5,3,131,99
27,95,62,1,67,4,3,22,18
27,96,25,1,64,5,3,90,85
27,97,63,1,66,4,3,22,18
27,97,98,1,47,5,3,147,118
27,99,68,1,57,4,3,53,40
27,99,70,1,23,4,3,129,82
28,6,85,1,44,4,3,122,92
28,7,82,1,45,4,3,126,99
28,11,46,1,61,5,3,99,79
28,12,42,1,60,5,3,103,83
28,14,17,1,43,5,3,114,72
28,18,23,1,50,5,3,45,10
28,22,9,1,51,5,3,51,23
28,25,67,1,8,6,3,300,160
28,26,95,1,54,5,3,46,29
28,28,4,1,20,5,3,132,62
28,30,81,1,39,5,3,117,80
28,31,89,1,55,5,3,47,26
28,32,83,1,49,5,3,102,73
28,33,83,1,48,5,3,104,87
28,34,74,1,58,5,3,34,27
28,36,76,1,40,5,3,115,69
28,37,71,1,59,5,3,43,35
28,38,83,1,29,5,3,124,47
28,40,95,1,24,5,3,132,60
28,41,23,1,62,4,3,58,50
28,43,6,1,21,5,3,154,50
28,45,20,1,63,4,3,51,39
28,48,83,1,41,5,3,113,73
28,48,89,1,53,5,3,50,28
28,49,89,1,52,5,3,48,22
28,50,24,1,36,4,3,128,94
28,62,6,1,35,5,3,114,53
28,64,14,1,34,5,3,129,77
28,66,95,1,30,4,3,80,40
28,69,99,1,31,4,3,68,38
28,74,25,1,33,4,3,144,96
28,75,97,1,26,4,3,124,80
28,77,31,1,32,4,3,120,82
28,80,1,1,13,4,3,300,216
28,81,73,1,15,4,3,300,201
28,82,59,1,11,4,3,300,226
28,93,28,1,65,5,3,102,94
28,94,98,1,46,5,3,131,94
28,95,21,1,64,5,3,90,80
28,95,63,1,67,4,3,22,17
28,96,62,1,66,4,3,22,14
28,97,99,1,47,5,3,147,117
28,98,68,1,57,4,3,53,39
28,99,70,1,23,4,3,129,82
29,6,82,1,45,4,3,126,96
29,6,84,1,44,4,3,122,89
29,12,14,1,43,5,3,114,67
29,13,42,1,60,5,3,103,78
29,13,47,1,61,5,3,99,74
29,18,24,1,50,5,3,45,9
29,21,7,1,51,5,3,51,18
29,26,96,1,54,5,3,46,24
29,27,4,1,20,5,3,132,61
29,27,69,1,8,6,3,300,154
29,32,82,1,39,5,3,117,75
29,32,84,1,49,5,3,102,72
29,32,89,1,55,5,3,47,21
29,33,74,1,58,5,3,34,26
29,34,83,1,48,5,3,104,86
29,37,70,1,59,5,3,43,34
29,37,78,1,40,5,3,115,64
29,39,83,1,29,5,3,124,46
29,41,95,1,24,5,3,132,59
29,42,6,1,21,5,3,154,49
29,42,26,1,62,4,3,58,46
29,45,18,1,63,4,3,51,35
29,45,87,1,53,5,3,50,23
29,48,82,1,68,5,3,34,34
29,48,83,1,69,5,3,39,39
29,50,22,1,36,4,3,128,90
29,50,87,1,52,5,3,48,17
29,63,4,1,35,5,3,114,48
29,64,13,1,34,5,3,129,76
29,67,94,1,30,4,3,80,36
29,69,99,1,31,4,3,68,38
29,74,27,1,33,4,3,144,92
29,74,96,1,26,4,3,124,76
29,78,31,1,32,4,3,120,81
29,79,59,1,71,4,3,114,114
29,80,59,1,70,4,3,109,109
29,81,0,1,13,4,3,300,212
29,81,74,1,15,4,3,300,198
29,94,28,1,65,5,3,102,89
29,95,20,1,64,5,3,90,79
29,95,98,1,46,5,3,131,93
29,96,99,1,47,5,3,147,116
29,97,65,1,67,4,3,22,13
29,98,62,1,66,4,3,22,10
29,98,67,1,57,4,3,53,38
29,99,68,1,23,4,3,129,80
30,4,82,1,44,4,3,122,85
30,6,81,1,45,4,3,126,95
30,9,46,1,61,5,3,99,69
30,10,13,1,43,5,3,114,62
30,14,42,1,60,5,3,103,77
30,18,25,1,50,5,3,45,4
30,22,7,1,51,5,3,51,17
30,26,95,1,54,5,3,46,23
30,27,5,1,20,5,3,132,60
30,27,70,1,8,6,3,300,153
30,30,81,1,39,5,3,117,70
30,31,73,1,58,5,3,34,21
30,31,89,1,55,5,3,47,16
30,32,83,1,49,5,3,102,71
30,35,83,1,48,5,3,104,83
30,38,70,1,59,5,3,43,33
30,39,79,1,40,5,3,115,59
30,40,83,1,29,5,3,124,45
30,42,7,1,21,5,3,154,44
30,43,18,1,63,4,3,51,31
30,43,27,1,62,4,3,58,42
30,44,97,1,24,5,3,132,54
30,46,87,1,53,5,3,50,22
30,49,82,1,68,5,3,34,31
30,49,85,1,69,5,3,39,34
30,51,22,1,36,4,3,128,89
30,51,83,1,52,5,3,48,12
30,62,4,1,35,5,3,114,45
30,64,12,1,34,5,3,129,73
30,66,94,1,30,4,3,80,35
30,68,98,1,31,4,3,68,34
30,74,29,1,33,4,3,144,88
30,75,32,1,32,4,3,120,77
30,75,97,1,26,4,3,124,72
30,78,57,1,70,4,3,109,105
30,80,1,1,13,4,3,300,208
30,80,74,1,15,4,3,300,195
30,81,59,1,71,4,3,114,110
30,91,28,1,65,5,3,102,84
30,95,19,1,64,5,3,90,78
30,95,99,1,46,5,3,131,92
30,96,62,1,66,4,3,22,6
30,96,67,1,57,4,3,53,34
30,96,99,1,47,5,3,147,116
30,97,64,1,67,4,3,22,12
30,99,67,1,23,4,3,129,79
31,4,81,1,44,4,3,122,84
31,6,80,1,45,4,3,126,94
31,9,13,1,43,5,3,114,57
31,9,47,1,61,5,3,99,64
31,17,44,1,60,5,3,103,72
31,22,6,1,51,5,3,51,16
31,25,93,1,54,5,3,46,18
31,26,5,1,20,5,3,132,55
31,29,90,1,55,5,3,47,11
31,30,69,1,8,6,3,300,147
31,31,76,1,58,5,3,34,16
31,31,79,1,39,5,3,117,65
31,32,84,1,49,5,3,102,66
31,36,81,1,48,5,3,104,78
31,39,72,1,59,5,3,43,28
31,39,83,1,29,5,3,124,44
31,40,79,1,40,5,3,115,56
31,42,17,1,63,4,3,51,27
31,43,7,1,21,5,3,154,43
31,45,25,1,62,4,3,58,38
31,46,98,1,24,5,3,132,49
31,47,89,1,53,5,3,50,17
31,48,21,1,36,4,3,128,85
31,48,87,1,69,5,3,39,29
31,49,81,1,68,5,3,34,26
31,50,83,1,52,5,3,48,11
31,64,3,1,35,5,3,114,40
31,64,11,1,34,5,3,129,72
31,67,95,1,30,4,3,80,31
31,70,98,1,31,4,3,68,30
31,75,28,1,33,4,3,144,84
31,75,34,1,32,4,3,120,73
31,75,96,1,26,4,3,124,71
31,78,3,1,13,4,3,300,204
31,78,58,1,70,4,3,109,104
31,78,73,1,73,4,3,94,94
31,79,73,1,72,4,3,98,98
31,81,60,1,71,4,3,114,109
31,92,28,1,65,5,3,102,79
31,94,19,1,64,5,3,90,77
31,95,63,1,66,4,3,22,2
31,95,99,1,46,5,3,131,92
31,96,99,1,47,5,3,147,116
31,97,66,1,57,4,3,53,30
31,98,63,1,67,4,3,22,8
31,99,67,1,23,4,3,129,79
32,3,84,1,44,4,3,122,80
32,5,80,1,45,4,3,126,93
32,9,14,1,43,5,3,114,52
32,10,47,1,61,5,3,99,63
32,15,43,1,60,5,3,103,67
32,23,6,1,51,5,3,51,11
32,25,92,1,54,5,3,46,13
32,26,4,1,20,5,3,132,54
32,26,69,1,8,6,3,300,141
32,28,90,1,55,5,3,47,6
32,31,75,1,58,5,3,34,15
32,32,79,1,39,5,3,117,64
32,32,83,1,49,5,3,102,61
32,34,80,1,48,5,3,104,73
32,38,83,1,29,5,3,124,43
32,40,72,1,59,5,3,43,23
32,41,10,1,21,5,3,154,38
32,42,19,1,63,4,3,51,23
32,42,78,1,40,5,3,115,51
32,43,98,1,24,5,3,132,44
32,45,24,1,62,4,3,58,37
32,46,21,1,36,4,3,128,81
32,47,90,1,53,5,3,50,16
32,49,78,1,68,5,3,34,21
32,49,89,1,69,5,3,39,24
32,50,80,1,52,5,3,48,6
32,62,10,1,34,5,3,129,67
32,65,3,1,35,5,3,114,35
32,68,95,1,30,4,3,80,28
32,71,98,1,31,4,3,68,29
32,74,31,1,32,4,3,120,69
32,75,27,1,33,4,3,144,83
32,75,94,1,26,4,3,124,67
32,76,72,1,72,4,3,98,94
32,77,3,1,13,4,3,300,203
32,79,60,1,71,4,3,114,105
32,79,74,1,73,4,3,94,90
32,80,58,1,70,4,3,109,100
32,93,17,1,64,5,3,90,72
32,94,27,1,65,5,3,102,74
32,95,99,1,47,5,3,147,115
32,97,63,1,67,4,3,22,5
32,97,64,1,57,4,3,53,26
32,97,98,1,46,5,3,131,87
32,98,70,1,23,4,3,129,75
33,5,78,1,45,4,3,126,89
33,7,84,1,44,4,3,122,76
33,9,13,1,43,5,3,114,47
33,10,48,1,61,5,3,99,58
33,16,45,1,60,5,3,103,62
33,23,3,1,51,5,3,51,6
33,25,66,1,8,6,3,300,135
33,25,92,1,54,5,3,46,13
33,26,92,1,55,5,3,47,2
33,27,2,1,20,5,3,132,49
33,32,78,1,39,5,3,117,61
33,32,82,1,49,5,3,102,60
33,33,76,1,58,5,3,34,10
33,35,80,1,48,5,3,104,68
33,38,84,1,29,5,3,124,42
33,40,81,1,40,5,3,115,46
33,41,72,1,59,5,3,43,22
33,42,10,1,21,5,3,154,37
33,42,98,1,24,5,3,132,41
33,43,20,1,63,4,3,51,19
33,43,22,1,36,4,3,128,77
33,43,24,1,62,4,3,58,33
33,47,91,1,53,5,3,50,15
33,48,89,1,69,5,3,39,23
33,49,77,1,68,5,3,34,16
33,49,79,1,52,5,3,48,4
33,62,9,1,34,5,3,129,66
33,64,3,1,35,5,3,114,30
33,65,96,1,30,4,3,80,24
33,71,97,1,31,4,3,68,28
33,74,32,1,32,4,3,120,66
33,75,28,1,33,4,3,144,80
33,76,3,1,13,4,3,300,200
33,76,94,1,26,4,3,124,66
33,77,72,1,72,4,3,98,93
33,79,62,1,71,4,3,114,101
33,79,75,1,73,4,3,94,87
33,80,60,1,70,4,3,109,96
33,93,27,1,65,5,3,102,73
33,95,18,1,64,5,3,90,67
33,95,66,1,57,4,3,53,22
33,97,98,1,46,5,3,131,87
33,97,99,1,47,5,3,147,113
33,98,62,1,67,4,3,22,1
33,99,69,1,23,4,3,129,73
34,6,13,1,43,5,3,114,42
34,6,78,1,45,4,3,126,88
34,7,82,1,44,4,3,122,72
34,10,47,1,61,5,3,99,53
34,16,46,1,60,5,3,103,57
34,21,4,1,51,5,3,51,1
34,25,92,1,54,5,3,46,13
34,26,92,1,55,5,3,47,2
34,27,1,1,20,5,3,132,44
34,28,65,1,8,6,3,300,129
34,33,75,1,58,5,3,34,9
34,33,76,1,39,5,3,117,58
34,33,80,1,49,5,3,102,55
34,35,81,1,48,5,3,104,67
34,39,84,1,29,5,3,124,41
34,40,72,1,59,5,3,43,21
34,41,81,1,40,5,3,115,41
34,42,7,1,21,5,3,154,32
34,42,20,1,63,4,3,51,16
34,43,98,1,24,5,3,132,40
34,44,22,1,36,4,3,128,76
34,44,24,1,62,4,3,58,32
34,45,92,1,53,5,3,50,10
34,49,78,1,52,5,3,48,3
34,49,93,1,69,5,3,39,18
34,50,77,1,68,5,3,34,15
34,63,9,1,34,5,3,129,61
34,64,4,1,35,5,3,114,25
34,68,97,1,30,4,3,80,20
34,69,97,1,31,4,3,68,24
34,73,29,1,32,4,3,120,62
34,74,3,1,13,4,3,300,196
34,74,29,1,33,4,3,144,76
34,76,71,1,72,4,3,98,89
34,77,93,1,26,4,3,124,62
34,78,63,1,71,4,3,114,97
34,79,74,1,73,4,3,94,86
34,80,59,1,70,4,3,109,93
34,94,27,1,65,5,3,102,68
34,95,19,1,64,5,3,90,62
34,96,67,1,57,4,3,53,18
34,97,98,1,46,5,3,131,87
34,97,99,1,47,5,3,147,113
34,99,68,1,23,4,3,129,72
35,4,80,1,45,4,3,126,84
35,5,13,1,43,5,3,114,41
35,7,78,1,44,4,3,122,68
35,12,46,1,61,5,3,99,48
35,17,48,1,60,5,3,103,52
35,24,94,1,54,5,3,46,8
35,26,92,1,55,5,3,47,2
35,27,2,1,20,5,3,132,41
35,29,64,1,8,6,3,300,123
35,33,81,1,49,5,3,102,54
35,34,74,1,39,5,3,117,53
35,34,81,1,48,5,3,104,66
35,36,75,1,58,5,3,34,4
35,39,7,1,21,5,3,154,27
35,39,89,1,29,5,3,124,36
35,40,73,1,59,5,3,43,18
35,41,19,1,63,4,3,51,12
35,43,25,1,62,4,3,58,28
35,44,98,1,24,5,3,132,39
35,45,19,1,36,4,3,128,72
35,45,82,1,40,5,3,115,36
35,46,92,1,53,5,3,50,7
35,50,76,1,68,5,3,34,14
35,51,94,1,69,5,3,39,13
35,65,4,1,35,5,3,114,20
35,66,11,1,34,5,3,129,56
35,69,98,1,30,4,3,80,16
35,70,94,1,31,4,3,68,20
35,73,29,1,32,4,3,120,62
35,73,72,1,72,4,3,98,85
35,75,3,1,13,4,3,300,195
35,75,26,1,33,4,3,144,72
35,76,63,1,71,4,3,114,93
35,76,93,1,26,4,3,124,61
35,78,73,1,73,4,3,94,82
35,82,59,1,70,4,3,109,89
35,92,26,1,65,5,3,102,63
35,95,67,1,57,4,3,53,17
35,96,19,1,64,5,3,90,57
35,96,98,1,46,5,3,131,82
35,97,96,1,47,5,3,147,108
35,98,68,1,23,4,3,129,71
36,5,79,1,45,4,3,126,80
36,6,13,1,43,5,3,114,36
36,8,78,1,44,4,3,122,67
36,12,47,1,61,5,3,99,43
36,17,51,1,60,5,3,103,47
36,24,97,1,54,5,3,46,3
36,28,0,1,20,5,3,132,38
36,31,62,1,8,6,3,300,117
36,31,82,1,49,5,3,102,49
36,35,74,1,39,5,3,117,52
36,35,81,1,48,5,3,104,63
36,39,4,1,21,5,3,154,22
36,39,88,1,29,5,3,124,35
36,40,74,1,59,5,3,43,15
36,42,24,1,62,4,3,58,24
36,43,20,1,63,4,3,51,9
36,43,21,1,36,4,3,128,68
36,45,94,1,53,5,3,50,2
36,45,99,1,24,5,3,132,37
36,46,82,1,40,5,3,115,31
36,50,77,1,68,5,3,34,13
36,50,94,1,69,5,3,39,12
36,64,4,1,35,5,3,114,15
36,64,10,1,34,5,3,129,51
36,68,98,1,30,4,3,80,15
36,71,94,1,31,4,3,68,17
36,72,4,1,13,4,3,300,191
36,72,73,1,72,4,3,98,81
36,74,65,1,71,4,3,114,89
36,75,31,1,32,4,3,120,58
36,76,25,1,33,4,3,144,68
36,76,95,1,26,4,3,124,57
36,80,73,1,73,4,3,94,78
36,83,58,1,70,4,3,109,85
36,92,26,1,77,5,3,30,30
36,93,26,1,76,5,3,31,31
36,95,64,1,75,4,3,9,9
36,96,64,1,74,4,3,5,5
36,96,99,1,46,5,3,131,81
36,97,97,1,47,5,3,147,107
36,98,16,1,64,5,3,90,52
36,99,69,1,23,4,3,129,67
37,4,78,1,45,4,3,126,76
37,7,15,1,43,5,3,114,31
37,9,77,1,44,4,3,122,63
37,10,48,1,61,5,3,99,38
37,16,51,1,60,5,3,103,46
37,27,0,1,20,5,3,132,37
37,31,60,1,8,6,3,300,111
37,31,79,1,49,5,3,102,44
37,32,74,1,39,5,3,117,47
37,35,82,1,48,5,3,104,60
37,38,88,1,29,5,3,124,30
37,39,1,1,21,5,3,154,17
37,41,74,1,59,5,3,43,14
37,42,20,1,36,4,3,128,64
37,42,26,1,62,4,3,58,20
37,43,19,1,63,4,3,51,8
37,45,99,1,24,5,3,132,37
37,48,83,1,40,5,3,115,26
37,50,76,1,68,5,3,34,8
37,51,94,1,69,5,3,39,11
37,61,10,1,34,5,3,129,46
37,64,5,1,35,5,3,114,10
37,66,98,1,30,4,3,80,11
37,71,93,1,31,4,3,68,14
37,72,30,1,32,4,3,120,54
37,73,72,1,72,4,3,98,77
37,74,95,1,26,4,3,124,53
37,75,5,1,13,4,3,300,187
37,75,66,1,71,4,3,114,85
37,78,25,1,33,4,3,144,64
37,81,73,1,73,4,3,94,77
37,82,59,1,70,4,3,109,81
37,91,25,1,76,5,3,31,26
37,92,26,1,77,5,3,30,30
37,94,95,1,47,5,3,147,102
37,96,63,1,75,4,3,9,5
37,96,98,1,46,5,3,131,76
37,97,16,1,64,5,3,90,51
37,97,64,1,74,4,3,5,4
37,99,70,1,23,4,3,129,66
38,5,79,1,45,4,3,126,72
38,7,16,1,43,5,3,114,26
38,9,76,1,44,4,3,122,62
38,11,48,1,61,5,3,99,33
38,18,52,1,60,5,3,103,41
38,26,0,1,20,5,3,132,36
38,29,82,1,49,5,3,102,39
38,31,62,1,8,6,3,300,105
38,33,74,1,39,5,3,117,42
38,34,82,1,48,5,3,104,59
38,38,87,1,29,5,3,124,27
38,40,3,1,21,5,3,154,12
38,41,29,1,62,4,3,58,16
38,43,20,1,63,4,3,51,7
38,43,71,1,59,5,3,43,9
38,44,20,1,36,4,3,128,60
38,44,99,1,24,5,3,132,36
38,49,83,1,40,5,3,115,21
38,50,79,1,68,5,3,34,3
38,51,93,1,69,5,3,39,6
38,62,10,1,34,5,3,129,41
38,65,5,1,35,5,3,114,9
38,65,98,1,30,4,3,80,10
38,71,72,1,72,4,3,98,73
38,72,29,1,32,4,3,120,53
38,72,90,1,31,4,3,68,10
38,74,65,1,71,4,3,114,81
38,74,93,1,26,4,3,124,49
38,78,6,1,13,4,3,300,183
38,80,25,1,33,4,3,144,60
38,80,73,1,73,4,3,94,76
38,83,60,1,70,4,3,109,77
38,91,24,1,76,5,3,31,21
38,91,28,1,77,5,3,30,25
38,95,95,1,47,5,3,147,101
38,97,63,1,75,4,3,9,4
38,98,18,1,64,5,3,90,46
38,99,70,1,23,4,3,129,66
38,99,96,1,46,5,3,131,71
39,6,79,1,45,4,3,126,69
39,8,18,1,43,5,3,114,21
39,10,76,1,44,4,3,122,61
39,11,49,1,61,5,3,99,32
39,18,51,1,60,5,3,103,40
39,25,0,1,20,5,3,132,35
39,29,60,1,8,6,3,300,99
39,29,81,1,49,5,3,102,34
39,33,79,1,39,5,3,117,37
39,34,83,1,48,5,3,104,54
39,37,87,1,29,5,3,124,26
39,38,4,1,21,5,3,154,7
39,41,28,1,62,4,3,58,15
39,42,98,1,24,5,3,132,31
39,44,20,1,63,4,3,51,4
39,44,73,1,59,5,3,43,4
39,45,20,1,36,4,3,128,59
39,50,80,1,68,5,3,34,2
39,50,83,1,40,5,3,115,20
39,52,93,1,69,5,3,39,5
39,63,10,1,34,5,3,129,40
39,65,99,1,30,4,3,80,9
39,66,5,1,35,5,3,114,8
39,70,88,1,31,4,3,68,6
39,72,28,1,32,4,3,120,52
39,73,72,1,72,4,3,98,69
39,74,66,1,71,4,3,114,80
39,74,92,1,26,4,3,124,48
39,77,2,1,79,4,3,85,85
39,77,3,1,78,4,3,95,95
39,79,73,1,73,4,3,94,75
39,80,61,1,70,4,3,109,73
39,81,26,1,33,4,3,144,56
39,87,23,1,76,5,3,31,16
39,88,30,1,77,5,3,30,20
39,94,99,1,47,5,3,147,96
39,98,17,1,64,5,3,90,41
39,98,71,1,23,4,3,129,62
39,99,97,1,46,5,3,131,70
40,6,81,1,45,4,3,126,65
40,9,16,1,43,5,3,114,16
40,9,76,1,44,4,3,122,60
40,12,51,1,61,5,3,99,27
40,17,51,1,60,5,3,103,39
40,23,1,1,20,5,3,132,30
40,29,81,1,49,5,3,102,34
40,30,59,1,8,6,3,300,93
40,30,81,1,39,5,3,117,32
40,37,81,1,48,5,3,104,49
40,37,88,1,29,5,3,124,21
40,40,5,1,21,5,3,154,2
40,40,29,1,62,4,3,58,11
40,42,97,1,24,5,3,132,26
40,44,20,1,63,4,3,51,4
40,45,20,1,36,4,3,128,59
40,50,82,1,40,5,3,115,19
40,61,13,1,34,5,3,129,35
40,66,98,1,30,4,3,80,5
40,67,7,1,35,5,3,114,3
40,69,91,1,31,4,3,68,2
40,74,28,1,32,4,3,120,48
40,74,72,1,72,4,3,98,68
40,75,67,1,71,4,3,114,76
40,76,90,1,26,4,3,124,44
40,77,4,1,79,4,3,85,81
40,78,2,1,78,4,3,95,93
40,78,72,1,73,4,3,94,71
40,79,28,1,33,4,3,144,52
40,81,61,1,70,4,3,109,72
40,87,24,1,76,5,3,31,11
40,87,30,1,77,5,3,30,19
40,95,99,1,47,5,3,147,95
40,97,17,1,64,5,3,90,36
40,97,70,1,23,4,3,129,58
40,99,99,1,46,5,3,131,68
41,4,81,1,45,4,3,126,61
41,9,17,1,43,5,3,114,11
41,9,78,1,44,4,3,122,56
41,12,50,1,61,5,3,99,22
41,17,52,1,60,5,3,103,38
41,23,2,1,20,5,3,132,25
41,29,82,1,49,5,3,102,33
41,30,80,1,39,5,3,117,27
41,31,60,1,8,6,3,300,87
41,37,82,1,48,5,3,104,44
41,39,89,1,29,5,3,124,16
41,40,30,1,62,4,3,58,10
41,44,20,1,36,4,3,128,56
41,44,99,1,24,5,3,132,22
41,51,84,1,40,5,3,115,14
41,60,13,1,34,5,3,129,34
41,65,95,1,30,4,3,80,1
41,73,69,1,80,4,3,37,37
41,73,70,1,81,4,3,36,36
41,73,75,1,72,4,3,98,64
41,75,89,1,26,4,3,124,40
41,76,28,1,82,4,3,19,19
41,77,2,1,78,4,3,95,90
41,77,28,1,83,4,3,26,26
41,78,3,1,79,4,3,85,77
41,79,26,1,33,4,3,144,48
41,79,73,1,73,4,3,94,67
41,83,61,1,70,4,3,109,68
41,86,24,1,76,5,3,31,10
41,89,31,1,77,5,3,30,14
41,96,99,1,47,5,3,147,94
41,97,69,1,23,4,3,129,57
41,98,17,1,64,5,3,90,33
41,98,97,1,46,5,3,131,63
42,5,84,1,45,4,3,126,57
42,6,17,1,43,5,3,114,6
42,12,53,1,61,5,3,99,17
42,12,79,1,44,4,3,122,52
42,15,51,1,60,5,3,103,33
42,22,4,1,20,5,3,132,20
42,27,62,1,8,6,3,300,81
42,28,84,1,49,5,3,102,28
42,30,81,1,39,5,3,117,26
42,36,82,1,48,5,3,104,39
42,40,89,1,29,5,3,124,15
42,42,30,1,62,4,3,58,6
42,44,99,1,24,5,3,132,22
42,45,19,1,36,4,3,128,52
42,51,85,1,40,5,3,115,11
42,59,15,1,34,5,3,129,29
42,72,69,1,81,4,3,36,32
42,74,69,1,80,4,3,37,36
42,75,77,1,72,4,3,98,60
42,75,91,1,26,4,3,124,36
42,76,27,1,82,4,3,19,18
42,77,3,1,78,4,3,95,89
42,77,4,1,79,4,3,85,73
42,77,26,1,33,4,3,144,44
42,77,28,1,83,4,3,26,26
42,80,73,1,73,4,3,94,66
42,82,60,1,70,4,3,109,64
42,85,24,1,76,5,3,31,9
42,88,33,1,77,5,3,30,9
42,94,98,1,47,5,3,147,89
42,95,95,1,46,5,3,131,58
42,96,70,1,23,4,3,129,53
42,98,18,1,64,5,3,90,32
43,3,82,1,45,4,3,126,53
43,7,17,1,43,5,3,114,1
43,12,78,1,44,4,3,122,49
43,13,55,1,61,5,3,99,12
43,19,50,1,60,5,3,103,28
43,22,5,1,20,5,3,132,15
43,26,83,1,49,5,3,102,23
43,28,62,1,8,6,3,300,80
43,31,81,1,39,5,3,117,21
43,35,82,1,48,5,3,104,38
43,41,29,1,62,4,3,58,2
43,42,90,1,29,5,3,124,10
43,45,99,1,24,5,3,132,17
43,47,21,1,36,4,3,128,48
43,54,87,1,40,5,3,115,6
43,61,16,1,34,5,3,129,24
43,69,70,1,81,4,3,36,28
43,73,77,1,72,4,3,98,56
43,74,25,1,82,4,3,19,14
43,74,92,1,26,4,3,124,32
43,76,0,1,78,4,3,95,85
43,76,3,1,79,4,3,85,69
43,76,71,1,80,4,3,37,32
43,77,30,1,83,4,3,26,22
43,78,27,1,33,4,3,144,40
43,78,71,1,73,4,3,94,62
43,82,62,1,70,4,3,109,60
43,86,24,1,76,5,3,31,4
43,89,33,1,77,5,3,30,4
43,93,98,1,46,5,3,131,53
43,94,97,1,47,5,3,147,88
43,97,18,1,64,5,3,90,31
43,97,69,1,23,4,3,129,49
44,3,84,1,45,4,3,126,49
44,13,54,1,61,5,3,99,9
44,13,78,1,44,4,3,122,46
44,19,51,1,60,5,3,103,25
44,21,7,1,20,5,3,132,10
44,27,83,1,49,5,3,102,20
44,29,62,1,8,6,3,300,79
44,30,81,1,39,5,3,117,20
44,34,82,1,48,5,3,104,37
44,42,89,1,29,5,3,124,7
44,45,98,1,24,5,3,132,16
44,47,22,1,36,4,3,128,47
44,58,86,1,40,5,3,115,1
44,62,16,1,34,5,3,129,19
44,71,70,1,81,4,3,36,24
44,73,76,1,72,4,3,98,55
44,74,90,1,26,4,3,124,28
44,75,22,1,82,4,3,19,10
44,75,70,1,80,4,3,37,28
44,76,0,1,78,4,3,95,85
44,77,32,1,83,4,3,26,18
44,77,71,1,73,4,3,94,61
44,78,1,1,79,4,3,85,65
44,80,27,1,33,4,3,144,36
44,80,64,1,70,4,3,109,56
44,93,97,1,46,5,3,131,52
44,94,68,1,23,4,3,129,45
44,95,97,1,47,5,3,147,83
44,98,18,1,84,5,3,13,13
44,99,18,1,85,5,3,18,18
45,4,83,1,45,4,3,126,45
45,12,77,1,44,4,3,122,42
45,14,54,1,61,5,3,99,4
45,17,8,1,20,5,3,132,5
45,22,51,1,60,5,3,103,20
45,27,64,1,8,6,3,300,73
45,28,83,1,49,5,3,102,15
45,30,82,1,39,5,3,117,15
45,34,83,1,48,5,3,104,32
45,42,88,1,29,5,3,124,4
45,47,97,1,24,5,3,132,11
45,50,21,1,86,4,3,23,23
45,50,22,1,87,4,3,21,21
45,63,16,1,34,5,3,129,18
45,71,72,1,81,4,3,36,20
45,73,78,1,72,4,3,98,51
45,74,33,1,83,4,3,26,14
45,74,89,1,26,4,3,124,27
45,76,0,1,78,4,3,95,85
45,76,23,1,82,4,3,19,6
45,76,71,1,73,4,3,94,60
45,78,69,1,80,4,3,37,24
45,79,1,1,79,4,3,85,64
45,80,28,1,33,4,3,144,35
45,80,65,1,70,4,3,109,55
45,91,98,1,46,5,3,131,47
45,94,97,1,47,5,3,147,80
45,96,66,1,23,4,3,129,41
45,98,18,1,84,5,3,13,13
45,99,18,1,85,5,3,18,18
46,5,83,1,45,4,3,126,44
46,10,77,1,44,4,3,122,38
46,17,9,1,20,5,3,132,4
46,23,51,1,60,5,3,103,19
46,27,62,1,8,6,3,300,67
46,27,85,1,49,5,3,102,10
46,30,81,1,39,5,3,117,10
46,33,83,1,48,5,3,104,31
46,45,98,1,24,5,3,132,6
46,50,22,1,86,4,3,23,22
46,53,21,1,87,4,3,21,17
46,62,16,1,34,5,3,129,17
46,72,73,1,81,4,3,36,16
46,74,69,1,73,4,3,94,56
46,74,91,1,26,4,3,124,23
46,75,24,1,82,4,3,19,2
46,75,78,1,72,4,3,98,47
46,76,0,1,78,4,3,95,85
46,77,68,1,80,4,3,37,20
46,78,2,1,79,4,3,85,60
46,78,28,1,33,4,3,144,31
46,78,33,1,83,4,3,26,10
46,78,63,1,70,4,3,109,51
46,92,99,1,46,5,3,131,43
46,94,98,1,47,5,3,147,77
46,98,68,1,23,4,3,129,37
46,99,18,1,85,5,3,18,18
46,99,19,1,84,5,3,13,11
47,3,85,1,45,4,3,126,40
47,12,75,1,44,4,3,122,34
47,23,52,1,60,5,3,103,14
47,26,61,1,8,6,3,300,61
47,27,86,1,49,5,3,102,9
47,31,83,1,39,5,3,117,5
47,32,83,1,48,5,3,104,26
47,48,98,1,24,5,3,132,1
47,50,23,1,86,4,3,23,21
47,53,19,1,87,4,3,21,13
47,62,17,1,34,5,3,129,12
47,68,73,1,81,4,3,36,12
47,73,68,1,73,4,3,94,52
47,74,78,1,72,4,3,98,46
47,75,0,1,78,4,3,95,84
47,75,91,1,26,4,3,124,22
47,78,27,1,33,4,3,144,30
47,79,33,1,83,4,3,26,9
47,80,2,1,79,4,3,85,56
47,80,67,1,80,4,3,37,16
47,81,64,1,70,4,3,109,47
47,93,99,1,47,5,3,147,73
47,94,99,1,46,5,3,131,39
47,95,67,1,23,4,3,129,33
47,99,18,1,85,5,3,18,18
47,99,19,1,84,5,3,13,11
48,1,85,1,45,4,3,126,36
48,12,74,1,44,4,3,122,33
48,24,52,1,60,5,3,103,11
48,26,63,1,8,6,3,300,55
48,27,87,1,49,5,3,102,4
48,30,83,1,48,5,3,104,22
48,49,22,1,86,4,3,23,17
48,55,17,1,87,4,3,21,9
48,63,17,1,34,5,3,129,11
48,69,76,1,81,4,3,36,8
48,72,90,1,26,4,3,124,18
48,73,67,1,73,4,3,94,51
48,74,77,1,72,4,3,98,45
48,75,0,1,78,4,3,95,84
48,77,33,1,83,4,3,26,5
48,78,28,1,33,4,3,144,29
48,80,65,1,70,4,3,109,43
48,80,68,1,80,4,3,37,13
48,81,1,1,79,4,3,85,52
48,92,97,1,47,5,3,147,68
48,93,99,1,46,5,3,131,34
48,95,63,1,23,4,3,129,29
48,98,18,1,85,5,3,18,17
48,99,18,1,84,5,3,13,10
49,2,86,1,45,4,3,126,32
49,11,73,1,44,4,3,122,29
49,22,49,1,60,5,3,103,6
49,26,62,1,8,6,3,300,54
49,30,80,1,48,5,3,104,17
49,48,21,1,86,4,3,23,13
49,54,17,1,87,4,3,21,6
49,63,18,1,34,5,3,129,10
49,68,73,1,81,4,3,36,4
49,70,88,1,26,4,3,124,14
49,71,67,1,73,4,3,94,47
49,72,75,1,72,4,3,98,41
49,74,0,1,78,4,3,95,83
49,78,33,1,83,4,3,26,4
49,79,29,1,33,4,3,144,25
49,79,65,1,70,4,3,109,42
49,82,66,1,80,4,3,37,9
49,83,3,1,79,4,3,85,48
49,92,96,1,88,5,3,30,30
49,93,96,1,89,5,3,36,36
49,94,64,1,23,4,3,129,25
49,94,97,1,46,5,3,131,29
49,96,19,1,85,5,3,18,12
49,99,19,1,84,5,3,13,9
50,2,87,1,45,4,3,126,29
50,9,75,1,44,4,3,122,25
50,22,50,1,60,5,3,103,3
50,25,63,1,8,6,3,300,48
50,29,84,1,48,5,3,104,12
50,47,21,1,86,4,3,23,10
50,53,17,1,87,4,3,21,5
50,62,16,1,34,5,3,129,5
50,69,85,1,26,4,3,124,10
50,70,77,1,72,4,3,98,37
50,71,66,1,73,4,3,94,46
50,73,1,1,78,4,3,95,79
50,77,27,1,33,4,3,144,21
50,77,63,1,70,4,3,109,38
50,83,67,1,80,4,3,37,5
50,84,4,1,79,4,3,85,44
50,93,96,1,88,5,3,30,25
50,94,16,1,85,5,3,18,7
50,94,65,1,23,4,3,129,24
50,94,96,1,89,5,3,36,31
50,94,98,1,46,5,3,131,28
50,99,19,1,84,5,3,13,9
51,2,89,1,45,4,3,126,25
51,10,76,1,44,4,3,122,21
51,21,50,1,60,5,3,103,2
51,24,63,1,8,6,3,300,45
51,31,83,1,48,5,3,104,7
51,48,22,1,86,4,3,23,6
51,53,16,1,87,4,3,21,2
51,62,15,1,34,5,3,129,4
51,65,85,1,26,4,3,124,6
51,69,78,1,72,4,3,98,33
51,71,67,1,73,4,3,94,45
51,73,0,1,78,4,3,95,76
51,78,28,1,33,4,3,144,17
51,78,60,1,70,4,3,109,34
51,82,70,1,80,4,3,37,1
51,85,4,1,79,4,3,85,43
51,91,97,1,88,5,3,30,20
51,92,97,1,46,5,3,131,25
51,94,15,1,85,5,3,18,2
51,94,66,1,23,4,3,129,23
51,96,93,1,89,5,3,36,26
51,99,19,1,84,5,3,13,9
52,2,91,1,45,4,3,126,21
52,8,78,1,44,4,3,122,17
52,25,62,1,8,6,3,300,39
52,30,83,1,48,5,3,104,6
52,49,22,1,86,4,3,23,3
52,67,83,1,26,4,3,124,2
52,71,0,1,78,4,3,95,72
52,71,78,1,72,4,3,98,29
52,72,68,1,73,4,3,94,41
52,76,58,1,70,4,3,109,30
52,78,27,1,33,4,3,144,14
52,83,6,1,79,4,3,85,39
52,89,99,1,46,5,3,131,20
52,92,99,1,88,5,3,30,15
52,93,67,1,23,4,3,129,19
52,94,94,1,89,5,3,36,21
52,99,18,1,84,5,3,13,4
53,2,92,1,45,4,3,126,20
53,7,79,1,44,4,3,122,13
53,27,60,1,8,6,3,300,33
53,30,84,1,48,5,3,104,3
53,71,2,1,78,4,3,95,68
53,73,76,1,72,4,3,98,25
53,75,28,1,33,4,3,144,10
53,75,67,1,73,4,3,94,37
53,77,57,1,70,4,3,109,26
53,83,5,1,79,4,3,85,36
53,89,99,1,46,5,3,131,20
53,92,66,1,23,4,3,129,15
53,92,99,1,88,5,3,30,15
53,94,97,1,89,5,3,36,16
53,99,18,1,84,5,3,13,4
54,0,90,1,45,4,3,126,16
54,6,79,1,44,4,3,122,12
54,28,60,1,8,6,3,300,28
54,72,2,1,78,4,3,95,67
54,72,76,1,72,4,3,98,24
54,74,29,1,33,4,3,144,6
54,76,66,1,73,4,3,94,33
54,78,58,1,70,4,3,109,22
54,85,5,1,79,4,3,85,32
54,90,99,1,46,5,3,131,17
54,91,63,1,23,4,3,129,11
54,91,99,1,88,5,3,30,14
54,95,97,1,89,5,3,36,15
54,99,18,1,84,5,3,13,4
55,0,89,1,45,4,3,126,13
55,6,81,1,44,4,3,122,8
55,30,60,1,8,6,3,300,22
55,70,76,1,72,4,3,98,20
55,72,4,1,78,4,3,95,63
55,74,31,1,33,4,3,144,2
55,77,67,1,73,4,3,94,29
55,78,62,1,70,4,3,109,18
55,86,8,1,79,4,3,85,28
55,91,98,1,46,5,3,131,15
55,92,99,1,88,5,3,30,13
55,93,61,1,23,4,3,129,7
55,95,96,1,89,5,3,36,10
55,99,18,1,84,5,3,13,4
56,0,89,1,45,4,3,126,13
56,5,81,1,44,4,3,122,7
56,28,56,1,8,6,3,300,16
56,72,5,1,78,4,3,95,62
56,72,76,1,72,4,3,98,16
56,77,71,1,73,4,3,94,25
56,79,62,1,70,4,3,109,17
56,85,5,1,79,4,3,85,24
56,91,97,1,46,5,3,131,12
56,92,98,1,88,5,3,30,12
56,93,59,1,23,4,3,129,3
56,95,97,1,89,5,3,36,9
57,4,89,1,45,4,3,126,9
57,6,81,1,44,4,3,122,4
57,25,55,1,8,6,3,300,10
57,72,6,1,78,4,3,95,61
57,72,74,1,72,4,3,98,12
57,77,70,1,73,4,3,94,24
57,78,63,1,70,4,3,109,13
57,86,5,1,79,4,3,85,23
57,89,96,1,46,5,3,131,7
57,93,98,1,88,5,3,30,9
57,95,98,1,89,5,3,36,4
58,4,90,1,45,4,3,126,8
58,5,81,1,44,4,3,122,3
58,25,54,1,8,6,3,300,7
58,69,73,1,72,4,3,98,8
58,72,7,1,78,4,3,95,58
58,77,63,1,70,4,3,109,12
58,77,71,1,73,4,3,94,23
58,85,4,1,79,4,3,85,19
58,91,95,1,46,5,3,131,2
58,94,98,1,88,5,3,30,6
59,4,92,1,45,4,3,126,4
59,26,54,1,8,6,3,300,6
59,70,74,1,72,4,3,98,4
59,75,8,1,78,4,3,95,54
59,76,64,1,70,4,3,109,8
59,76,71,1,73,4,3,94,22
59,84,1,1,79,4,3,85,15
59,95,96,1,88,5,3,30,1
60,76,5,1,78,4,3,95,50
60,76,72,1,73,4,3,94,21
60,77,63,1,70,4,3,109,4
60,83,1,1,79,4,3,85,12
61,75,71,1,73,4,3,94,17
61,76,4,1,78,4,3,95,49
61,83,0,1,79,4,3,85,11
62,75,3,1,78,4,3,95,45
62,75,73,1,73,4,3,94,13
62,83,0,1,79,4,3,85,11
63,74,72,1,73,4,3,94,9
63,76,4,1,78,4,3,95,41
63,82,0,1,79,4,3,85,10
64,76,74,1,73,4,3,94,5
64,79,3,1,78,4,3,95,37
64,82,0,1,79,4,3,85,10
65,75,71,1,73,4,3,94,1
65,79,2,1,78,4,3,95,36
65,83,0,1,79,4,3,85,9
66,78,2,1,78,4,3,95,35
66,82,0,1,79,4,3,85,6
67,78,3,1,78,4,3,95,34
67,82,0,1,79,4,3,85,6
68,78,5,1,78,4,3,95,30
68,81,0,1,79,4,3,85,5
69,78,7,1,78,4,3,95,26
69,80,1,1,79,4,3,85,1
70,78,6,1,78,4,3,95,25
71,78,5,1,78,4,3,95,24
72,79,4,1,78,4,3,95,20
73,79,3,1,78,4,3,95,19
74,77,3,1,78,4,3,95,15
75,77,5,1,78,4,3,95,11
76,77,4,1,78,4,3,95,8
77,80,5,1,78,4,3,95,4
78,81,5,1,78,4,3,95,3
